{"search":"","showTags":false,"showAttachments":false,"hideUnresolved":false,"showOrphans":true,"showArrow":false,"textFadeMultiplier":0,"nodeSizeMultiplier":1.33219818376068,"lineSizeMultiplier":1.87402510683761,"centerStrength":0.416666666666667,"repelStrength":13.8327991452991,"linkStrength":0.793936965811966,"linkDistance":250,"scale":0.10486656320989438}